MB	SerialParallel MB/s	Serial MB/s	
1024	6033.226083008573	5712.524653932296	
1448	10591.605216965143	5436.133671284658	
2048	6770.023921154961	4875.675587622534	
